"location_id","country","iso_code","region","subregion","state_province"
1,"USA","US","Americas","North America","Alabama"
2,"USA","US","Americas","North America","Alaska"
3,"USA","US","Americas","North America","Arizona"
4,"USA","US","Americas","North America","Arkansas"
5,"USA","US","Americas","North America","California"
6,"USA","US","Americas","North America","Colorado"
7,"USA","US","Americas","North America","Connecticut"
8,"USA","US","Americas","North America","Delaware"
9,"USA","US","Americas","North America","Florida"
10,"USA","US","Americas","North America","Georgia"
11,"USA","US","Americas","North America","Hawaii"
12,"USA","US","Americas","North America","Idaho"
13,"USA","US","Americas","North America","Illinois"
14,"USA","US","Americas","North America","Indiana"
15,"USA","US","Americas","North America","Iowa"
16,"USA","US","Americas","North America","Kansas"
17,"USA","US","Americas","North America","Kentucky"
18,"USA","US","Americas","North America","Louisiana"
19,"USA","US","Americas","North America","Maine"
20,"USA","US","Americas","North America","Maryland"
21,"USA","US","Americas","North America","Massachusetts"
22,"USA","US","Americas","North America","Michigan"
23,"USA","US","Americas","North America","Minnesota"
24,"USA","US","Americas","North America","Mississippi"
25,"USA","US","Americas","North America","Missouri"
26,"USA","US","Americas","North America","Montana"
27,"USA","US","Americas","North America","Nebraska"
28,"USA","US","Americas","North America","Nevada"
29,"USA","US","Americas","North America","New Hampshire"
30,"USA","US","Americas","North America","New Jersey"
31,"USA","US","Americas","North America","New Mexico"
32,"USA","US","Americas","North America","New York"
33,"USA","US","Americas","North America","North Carolina"
34,"USA","US","Americas","North America","North Dakota"
35,"USA","US","Americas","North America","Ohio"
36,"USA","US","Americas","North America","Oklahoma"
37,"USA","US","Americas","North America","Oregon"
38,"USA","US","Americas","North America","Pennsylvania"
39,"USA","US","Americas","North America","Rhode Island"
40,"USA","US","Americas","North America","South Carolina"
41,"USA","US","Americas","North America","South Dakota"
42,"USA","US","Americas","North America","Tennessee"
43,"USA","US","Americas","North America","Texas"
44,"USA","US","Americas","North America","Utah"
45,"USA","US","Americas","North America","Vermont"
46,"USA","US","Americas","North America","Virginia"
47,"USA","US","Americas","North America","Washington province"
48,"USA","US","Americas","North America","West Virginia"
49,"USA","US","Americas","North America","Wisconsin"
50,"USA","US","Americas","North America","Wyoming"
209,"BGD","BD","Asia","Southern Asia","Dhaka"
210,"BGD","BD","Asia","Southern Asia","Khulna"
211,"BGD","BD","Asia","Southern Asia","Rajshahi"
212,"BGD","BD","Asia","Southern Asia","Rangpur"
213,"BGD","BD","Asia","Southern Asia","Sylhet"
214,"IRN","IR","Asia","Southern Asia","Gilan"
215,"IND","IN","Asia","Southern Asia","Bihar"
216,"IND","IN","Asia","Southern Asia","Uttar Pradesh"
217,"IND","IN","Asia","Southern Asia","West Bengal"
218,"CHN","CN","Asia","Eastern Asia","Yunnan"
219,"PHL","PH","Asia","South-eastern Asia","Agusan del Norte"
220,"PHL","PH","Asia","South-eastern Asia","Agusan del Sur"
221,"PHL","PH","Asia","South-eastern Asia","Davao Oriental"
222,"PHL","PH","Asia","South-eastern Asia","Davao del Norte"
223,"PHL","PH","Asia","South-eastern Asia","Surigao del Sur"
224,"CHN","CN","Asia","Eastern Asia","Liaoning"
225,"MNG","MN","Asia","Eastern Asia","Bulgan"
226,"MNG","MN","Asia","Eastern Asia","Dundgovi"
227,"AFG","AF","Asia","Southern Asia","Ghor"
228,"AFG","AF","Asia","Southern Asia","Kunduz"
229,"PHL","PH","Asia","South-eastern Asia","Tawi-Tawi"
230,"IDN","ID","Asia","South-eastern Asia","Jawa Tengah"
231,"PHL","PH","Asia","South-eastern Asia","Albay"
232,"ISR","IL","Asia","Western Asia","Tel Aviv"
233,"JOR","JO","Asia","Western Asia","Irbid"
234,"JOR","JO","Asia","Western Asia","Jarash"
235,"JOR","JO","Asia","Western Asia","Ma'an"
236,"JOR","JO","Asia","Western Asia","Madaba"
237,"IDN","ID","Asia","South-eastern Asia","Riau"
238,"PAK","PK","Asia","Southern Asia","Sindh"
239,"CHN","CN","Asia","Eastern Asia","Shanxi"
240,"MYS","MY","Asia","South-eastern Asia","Sarawak"
241,"CHN","CN","Asia","Eastern Asia","Xinjiang Uygur"
242,"JPN","JP","Asia","Eastern Asia","Hokkaido"
243,"TUR","TR","Asia","Western Asia","Balikesir"
244,"TUR","TR","Asia","Western Asia","Bursa"
245,"TUR","TR","Asia","Western Asia","Canakkale"
246,"CHN","CN","Asia","Eastern Asia","Guangdong"
247,"IDN","ID","Asia","South-eastern Asia","Sulawesi Tengah"
248,"PHL","PH","Asia","South-eastern Asia","National Capital Region"
249,"CHN","CN","Asia","Eastern Asia","Guangxi Zhuangzu"
250,"CHN","CN","Asia","Eastern Asia","Hainan"
251,"TUR","TR","Asia","Western Asia","Malatya"
252,"JPN","JP","Asia","Eastern Asia","Ibaraki"
253,"TUR","TR","Asia","Western Asia","Samsun"
254,"TUR","TR","Asia","Western Asia","Tokat"
255,"TUR","TR","Asia","Western Asia","Ankara"
256,"TUR","TR","Asia","Western Asia","Cankiri"
257,"IDN","ID","Asia","South-eastern Asia","Bengkulu"
258,"CHN","CN","Asia","Eastern Asia","Gansu"
259,"CHN","CN","Asia","Eastern Asia","Guizhou"
260,"CHN","CN","Asia","Eastern Asia","Sichuan"
261,"AFG","AF","Asia","Southern Asia","Herat"
262,"PAK","PK","Asia","Southern Asia","Punjab"
263,"IND","IN","Asia","Southern Asia","Delhi"
264,"IND","IN","Asia","Southern Asia","Andhra Pradesh"
265,"IND","IN","Asia","Southern Asia","Arunachal Pradesh"
266,"IND","IN","Asia","Southern Asia","Assam"
267,"CHN","CN","Asia","Eastern Asia","Fujian"
268,"IND","IN","Asia","Southern Asia","Uttarakhand"
269,"VNM","VN","Asia","South-eastern Asia","Nam Dinh"
270,"CHN","CN","Asia","Eastern Asia","Jiangxi"
271,"TUR","TR","Asia","Western Asia","Adana"
272,"TUR","TR","Asia","Western Asia","Adiyaman"
273,"TUR","TR","Asia","Western Asia","Agri"
274,"TUR","TR","Asia","Western Asia","Aksaray"
275,"TUR","TR","Asia","Western Asia","Amasya"
276,"TUR","TR","Asia","Western Asia","Antalya"
277,"TUR","TR","Asia","Western Asia","Ardahan"
278,"TUR","TR","Asia","Western Asia","Artvin"
279,"TUR","TR","Asia","Western Asia","Aydin"
280,"TUR","TR","Asia","Western Asia","Bartin"
281,"TUR","TR","Asia","Western Asia","Batman"
282,"TUR","TR","Asia","Western Asia","Bayburt"
283,"TUR","TR","Asia","Western Asia","Bilecik"
284,"TUR","TR","Asia","Western Asia","Bingol"
285,"TUR","TR","Asia","Western Asia","Bitlis"
286,"TUR","TR","Asia","Western Asia","Bolu"
287,"TUR","TR","Asia","Western Asia","Burdur"
288,"TUR","TR","Asia","Western Asia","Corum"
289,"TUR","TR","Asia","Western Asia","Denizli"
290,"TUR","TR","Asia","Western Asia","Diyarbakir"
291,"TUR","TR","Asia","Western Asia","Edirne"
292,"TUR","TR","Asia","Western Asia","Elazig"
293,"TUR","TR","Asia","Western Asia","Erzincan"
294,"TUR","TR","Asia","Western Asia","Erzurum"
295,"TUR","TR","Asia","Western Asia","Eskisehir"
296,"TUR","TR","Asia","Western Asia","Gaziantep"
297,"TUR","TR","Asia","Western Asia","Giresun"
298,"TUR","TR","Asia","Western Asia","Gumushane"
299,"TUR","TR","Asia","Western Asia","Hakkari"
300,"TUR","TR","Asia","Western Asia","Hatay"
301,"TUR","TR","Asia","Western Asia","Igdir"
302,"TUR","TR","Asia","Western Asia","Isparta"
303,"TUR","TR","Asia","Western Asia","Istanbul"
304,"TUR","TR","Asia","Western Asia","Izmir"
305,"TUR","TR","Asia","Western Asia","Karabuk"
306,"TUR","TR","Asia","Western Asia","Karaman"
307,"TUR","TR","Asia","Western Asia","Kars"
308,"TUR","TR","Asia","Western Asia","Kastamonu"
309,"TUR","TR","Asia","Western Asia","Kayseri"
310,"TUR","TR","Asia","Western Asia","Kilis"
311,"TUR","TR","Asia","Western Asia","Kirikkale"
312,"TUR","TR","Asia","Western Asia","Kirklareli"
313,"TUR","TR","Asia","Western Asia","Kirsehir"
314,"TUR","TR","Asia","Western Asia","Kocaeli"
315,"TUR","TR","Asia","Western Asia","Konya"
316,"TUR","TR","Asia","Western Asia","Kutahya"
317,"TUR","TR","Asia","Western Asia","Manisa"
318,"TUR","TR","Asia","Western Asia","Mardin"
319,"TUR","TR","Asia","Western Asia","Mugla"
320,"TUR","TR","Asia","Western Asia","Mus"
321,"TUR","TR","Asia","Western Asia","Nevsehir"
322,"TUR","TR","Asia","Western Asia","Nigde"
323,"TUR","TR","Asia","Western Asia","Ordu"
324,"TUR","TR","Asia","Western Asia","Osmaniye"
325,"TUR","TR","Asia","Western Asia","Rize"
326,"TUR","TR","Asia","Western Asia","Sakarya"
327,"TUR","TR","Asia","Western Asia","Sanliurfa"
328,"TUR","TR","Asia","Western Asia","Siirt"
329,"TUR","TR","Asia","Western Asia","Sinop"
330,"TUR","TR","Asia","Western Asia","Sirnak"
331,"TUR","TR","Asia","Western Asia","Sivas"
332,"TUR","TR","Asia","Western Asia","Tekirdag"
333,"TUR","TR","Asia","Western Asia","Trabzon"
334,"TUR","TR","Asia","Western Asia","Tunceli"
335,"TUR","TR","Asia","Western Asia","Usak"
336,"TUR","TR","Asia","Western Asia","Van"
337,"TUR","TR","Asia","Western Asia","Yalova"
338,"TUR","TR","Asia","Western Asia","Yozgat"
339,"TUR","TR","Asia","Western Asia","Zonguldak"
340,"PHL","PH","Asia","South-eastern Asia","Cavite"
341,"PHL","PH","Asia","South-eastern Asia","Iloilo"
342,"PHL","PH","Asia","South-eastern Asia","Mindoro Oriental"
343,"PHL","PH","Asia","South-eastern Asia","Negros Occidental"
344,"PHL","PH","Asia","South-eastern Asia","Quezon"
345,"PHL","PH","Asia","South-eastern Asia","Rizal"
346,"THA","TH","Asia","South-eastern Asia","Chiang Rai"
347,"VNM","VN","Asia","South-eastern Asia","An Giang"
348,"VNM","VN","Asia","South-eastern Asia","Can Tho"
349,"VNM","VN","Asia","South-eastern Asia","Dong Thap"
350,"VNM","VN","Asia","South-eastern Asia","Kien Giang"
351,"VNM","VN","Asia","South-eastern Asia","Long An"
352,"VNM","VN","Asia","South-eastern Asia","Tien Giang"
353,"VNM","VN","Asia","South-eastern Asia","Vinh Long"
354,"IND","IN","Asia","Southern Asia","Maharashtra"
355,"CHN","CN","Asia","Eastern Asia","Jiangsu"
356,"KHM","KH","Asia","South-eastern Asia","Kampong Chhnang"
357,"KHM","KH","Asia","South-eastern Asia","Kampot"
358,"KHM","KH","Asia","South-eastern Asia","Phnom Penh"
359,"KHM","KH","Asia","South-eastern Asia","Preah Vihear"
360,"VNM","VN","Asia","South-eastern Asia","Lao Cai"
361,"IND","IN","Asia","Southern Asia","Chandigarh"
362,"IND","IN","Asia","Southern Asia","Gujarat"
363,"IND","IN","Asia","Southern Asia","Himachal Pradesh"
364,"IND","IN","Asia","Southern Asia","Kerala"
365,"IND","IN","Asia","Southern Asia","Madhya Pradesh"
366,"IND","IN","Asia","Southern Asia","Punjab"
367,"IND","IN","Asia","Southern Asia","Rajasthan"
368,"THA","TH","Asia","South-eastern Asia","Amnat Charoen"
369,"THA","TH","Asia","South-eastern Asia","Kalasin"
370,"THA","TH","Asia","South-eastern Asia","Loei"
371,"THA","TH","Asia","South-eastern Asia","Maha Sarakham"
372,"THA","TH","Asia","South-eastern Asia","Nakhon Phanom"
373,"THA","TH","Asia","South-eastern Asia","Roi Et"
374,"THA","TH","Asia","South-eastern Asia","Sakon Nakhon"
375,"THA","TH","Asia","South-eastern Asia","Surin"
376,"THA","TH","Asia","South-eastern Asia","Ubon Ratchathani"
377,"THA","TH","Asia","South-eastern Asia","Udon Thani"
378,"THA","TH","Asia","South-eastern Asia","Yasothon"
379,"IDN","ID","Asia","South-eastern Asia","Jawa Barat"
380,"CHN","CN","Asia","Eastern Asia","Shaanxi"
381,"NPL","NP","Asia","Southern Asia","Bagmati"
382,"NPL","NP","Asia","Southern Asia","Gandaki"
383,"NPL","NP","Asia","Southern Asia","Koshi"
384,"NPL","NP","Asia","Southern Asia","Lumbini"
385,"BTN","BT","Asia","Southern Asia","Chhukha"
386,"VNM","VN","Asia","South-eastern Asia","Binh Dinh"
387,"VNM","VN","Asia","South-eastern Asia","Da Nang"
388,"VNM","VN","Asia","South-eastern Asia","Quang Binh"
389,"VNM","VN","Asia","South-eastern Asia","Quang Nam"
390,"VNM","VN","Asia","South-eastern Asia","Quang Ngai"
391,"VNM","VN","Asia","South-eastern Asia","Quang Tri"
392,"CHN","CN","Asia","Eastern Asia","Zhejiang"
393,"VNM","VN","Asia","South-eastern Asia","Ca Mau"
394,"CHN","CN","Asia","Eastern Asia","Hunan"
395,"AFG","AF","Asia","Southern Asia","Badghis"
396,"AFG","AF","Asia","Southern Asia","Kandahar"
397,"JPN","JP","Asia","Eastern Asia","Gifu"
398,"JPN","JP","Asia","Eastern Asia","Mie"
399,"VNM","VN","Asia","South-eastern Asia","Ha Tinh"
400,"LAO","LA","Asia","South-eastern Asia","Bolikhamxai"
401,"LAO","LA","Asia","South-eastern Asia","Champasak"
402,"LAO","LA","Asia","South-eastern Asia","Khammouan"
403,"LAO","LA","Asia","South-eastern Asia","Savannakhet"
404,"IND","IN","Asia","Southern Asia","Jharkhand"
405,"LKA","LK","Asia","Southern Asia","Southern Province"
406,"JPN","JP","Asia","Eastern Asia","Okayama"
407,"JPN","JP","Asia","Eastern Asia","Tottori"
408,"SGP","SG","Asia","South-eastern Asia","Singapore"
409,"KGZ","KG","Asia","Central Asia","Chuy"
410,"KGZ","KG","Asia","Central Asia","Talas"
411,"KGZ","KG","Asia","Central Asia","Ysyk-Kol"
412,"VNM","VN","Asia","South-eastern Asia","Lai Chau"
413,"MYS","MY","Asia","South-eastern Asia","Pulau Pinang"
414,"MYS","MY","Asia","South-eastern Asia","Johor"
415,"MYS","MY","Asia","South-eastern Asia","Kedah"
416,"MYS","MY","Asia","South-eastern Asia","Terengganu"
417,"PHL","PH","Asia","South-eastern Asia","Catanduanes"
418,"PHL","PH","Asia","South-eastern Asia","Samar"
419,"PHL","PH","Asia","South-eastern Asia","Sorsogon"
420,"TWN","TW","Asia","Eastern Asia","Kaohsiung"
421,"TWN","TW","Asia","Eastern Asia","Pingtung"
422,"TWN","TW","Asia","Eastern Asia","Taipei"
423,"PHL","PH","Asia","South-eastern Asia","Cagayan"
424,"PHL","PH","Asia","South-eastern Asia","Laguna"
425,"PHL","PH","Asia","South-eastern Asia","Nueva Vizcaya"
426,"IDN","ID","Asia","South-eastern Asia","Bali"
427,"LKA","LK","Asia","Southern Asia","Central Province"
428,"LKA","LK","Asia","Southern Asia","Eastern Province"
429,"LKA","LK","Asia","Southern Asia","North Central Province"
430,"TJK","TJ","Asia","Central Asia","Khatlon"
431,"VNM","VN","Asia","South-eastern Asia","Binh Thuan"
432,"VNM","VN","Asia","South-eastern Asia","Khanh Hoa"
433,"VNM","VN","Asia","South-eastern Asia","Ninh Thuan"
434,"VNM","VN","Asia","South-eastern Asia","Phu Yen"
435,"VNM","VN","Asia","South-eastern Asia","Thua Thien-Hue"
436,"THA","TH","Asia","South-eastern Asia","Chumphon"
437,"THA","TH","Asia","South-eastern Asia","Nakhon Si Thammarat"
438,"THA","TH","Asia","South-eastern Asia","Narathiwat"
439,"THA","TH","Asia","South-eastern Asia","Pattani"
440,"THA","TH","Asia","South-eastern Asia","Phatthalung"
441,"THA","TH","Asia","South-eastern Asia","Satun"
442,"THA","TH","Asia","South-eastern Asia","Songkhla"
443,"THA","TH","Asia","South-eastern Asia","Surat Thani"
444,"THA","TH","Asia","South-eastern Asia","Trang"
445,"THA","TH","Asia","South-eastern Asia","Yala"
446,"IDN","ID","Asia","South-eastern Asia","Banten"
447,"IDN","ID","Asia","South-eastern Asia","Sumatera Selatan"
448,"PHL","PH","Asia","South-eastern Asia","Apayao"
449,"PHL","PH","Asia","South-eastern Asia","Kalinga"
450,"IDN","ID","Asia","South-eastern Asia","Aceh"
451,"IDN","ID","Asia","South-eastern Asia","Jambi"
452,"IDN","ID","Asia","South-eastern Asia","Sumatera Barat"
453,"IDN","ID","Asia","South-eastern Asia","Sumatera Utara"
454,"MYS","MY","Asia","South-eastern Asia","Kelantan"
455,"THA","TH","Asia","South-eastern Asia","Phetchabun"
456,"IND","IN","Asia","Southern Asia","Tamil Nadu"
457,"IDN","ID","Asia","South-eastern Asia","Sulawesi Utara"
458,"IDN","ID","Asia","South-eastern Asia","Yogyakarta"
459,"TKM","TM","Asia","Central Asia","Balkan"
460,"MNG","MN","Asia","Eastern Asia","Dornod"
461,"MNG","MN","Asia","Eastern Asia","Selenge"
462,"MNG","MN","Asia","Eastern Asia","Ulaanbaatar"
463,"LKA","LK","Asia","Southern Asia","Northern Province"
464,"AFG","AF","Asia","Southern Asia","Badakhshan"
465,"AFG","AF","Asia","Southern Asia","Baghlan"
466,"AFG","AF","Asia","Southern Asia","Farah"
467,"AFG","AF","Asia","Southern Asia","Ghazni"
468,"AFG","AF","Asia","Southern Asia","Khost"
469,"AFG","AF","Asia","Southern Asia","Nimroz"
470,"AFG","AF","Asia","Southern Asia","Paktika"
471,"AFG","AF","Asia","Southern Asia","Takhar"
472,"AFG","AF","Asia","Southern Asia","Uruzgan"
473,"AFG","AF","Asia","Southern Asia","Zabul"
474,"CHN","CN","Asia","Eastern Asia","Anhui"
475,"CHN","CN","Asia","Eastern Asia","Jilin"
476,"ARM","AM","Asia","Western Asia","Ararat"
477,"ARM","AM","Asia","Western Asia","Armavir"
478,"ARM","AM","Asia","Western Asia","Lori"
479,"ARM","AM","Asia","Western Asia","Tavus"
480,"AZE","AZ","Asia","Western Asia","Lankaran"
481,"AZE","AZ","Asia","Western Asia","Zaqatala"
482,"GEO","GE","Asia","Western Asia","Imereti"
483,"GEO","GE","Asia","Western Asia","Kvemo Kartli"
484,"GEO","GE","Asia","Western Asia","Mtskheta-Mtianeti"
485,"GEO","GE","Asia","Western Asia","Samtskhe-Javakheti"
486,"GEO","GE","Asia","Western Asia","Shida Kartli"
487,"CHN","CN","Asia","Eastern Asia","Nei Mongol"
488,"PAK","PK","Asia","Southern Asia","Balochistan"
489,"AFG","AF","Asia","Southern Asia","Balkh"
490,"AFG","AF","Asia","Southern Asia","Faryab"
491,"AFG","AF","Asia","Southern Asia","Samangan"
492,"IDN","ID","Asia","South-eastern Asia","Gorontalo"
493,"IDN","ID","Asia","South-eastern Asia","Jawa Timur"
494,"JPN","JP","Asia","Eastern Asia","Kanagawa"
495,"JPN","JP","Asia","Eastern Asia","Ehime"
496,"THA","TH","Asia","South-eastern Asia","Lampang"
497,"THA","TH","Asia","South-eastern Asia","Phrae"
498,"THA","TH","Asia","South-eastern Asia","Sukhothai"
499,"THA","TH","Asia","South-eastern Asia","Nan"
500,"THA","TH","Asia","South-eastern Asia","Uttaradit"
501,"CHN","CN","Asia","Eastern Asia","Chongqing"
502,"AFG","AF","Asia","Southern Asia","Parwan"
503,"CHN","CN","Asia","Eastern Asia","Hubei"
504,"IND","IN","Asia","Southern Asia","Tripura"
505,"VNM","VN","Asia","South-eastern Asia","Thai Nguyen"
506,"VNM","VN","Asia","South-eastern Asia","Tuyen Quang"
507,"VNM","VN","Asia","South-eastern Asia","Vinh Phuc"
508,"IND","IN","Asia","Southern Asia","Chhattisgarh"
509,"VNM","VN","Asia","South-eastern Asia","Quang Ninh"
510,"PAK","PK","Asia","Southern Asia","Islamabad"
511,"YEM","YE","Asia","Western Asia","Al Hudaydah"
512,"TWN","TW","Asia","Eastern Asia","Nantou"
513,"VNM","VN","Asia","South-eastern Asia","Nghe An"
514,"VNM","VN","Asia","South-eastern Asia","Thanh Hoa"
515,"PHL","PH","Asia","South-eastern Asia","Cotabato"
516,"PHL","PH","Asia","South-eastern Asia","Maguindanao"
517,"PHL","PH","Asia","South-eastern Asia","Misamis Occidental"
518,"PHL","PH","Asia","South-eastern Asia","Sultan Kudarat"
519,"PHL","PH","Asia","South-eastern Asia","Zamboanga Sibugay"
520,"PHL","PH","Asia","South-eastern Asia","Zamboanga del Norte"
521,"PHL","PH","Asia","South-eastern Asia","Zamboanga del Sur"
522,"THA","TH","Asia","South-eastern Asia","Chiang Mai"
523,"THA","TH","Asia","South-eastern Asia","Lamphun"
524,"THA","TH","Asia","South-eastern Asia","Nong Khai"
525,"IRN","IR","Asia","Southern Asia","Golestan"
526,"IRN","IR","Asia","Southern Asia","Semnan"
527,"JPN","JP","Asia","Eastern Asia","Osaka"
528,"CHN","CN","Asia","Eastern Asia","Shanghai"
529,"JPN","JP","Asia","Eastern Asia","Kumamoto"
530,"JPN","JP","Asia","Eastern Asia","Miyazaki"
531,"JPN","JP","Asia","Eastern Asia","Nagasaki"
532,"JPN","JP","Asia","Eastern Asia","Oita"
533,"JPN","JP","Asia","Eastern Asia","Okinawa"
534,"JPN","JP","Asia","Eastern Asia","Saga"
535,"THA","TH","Asia","South-eastern Asia","Ranong"
536,"CHN","CN","Asia","Eastern Asia","Qinghai"
537,"VNM","VN","Asia","South-eastern Asia","Ben Tre"
538,"VNM","VN","Asia","South-eastern Asia","Phu Tho"
539,"VNM","VN","Asia","South-eastern Asia","Soc Trang"
540,"VNM","VN","Asia","South-eastern Asia","Tra Vinh"
541,"TWN","TW","Asia","Eastern Asia","Chiayi"
542,"TWN","TW","Asia","Eastern Asia","Keelung"
543,"TWN","TW","Asia","Eastern Asia","Miaoli"
544,"IRN","IR","Asia","Southern Asia","Mazandaran"
545,"MYS","MY","Asia","South-eastern Asia","Sabah"
546,"PHL","PH","Asia","South-eastern Asia","Camiguin"
547,"PHL","PH","Asia","South-eastern Asia","Misamis Oriental"
548,"VNM","VN","Asia","South-eastern Asia","Ho Chi Minh"
549,"MYS","MY","Asia","South-eastern Asia","Pahang"
550,"IDN","ID","Asia","South-eastern Asia","Sulawesi Selatan"
551,"IND","IN","Asia","Southern Asia","Goa"
552,"PHL","PH","Asia","South-eastern Asia","Cebu"
553,"PHL","PH","Asia","South-eastern Asia","Leyte"
554,"LAO","LA","Asia","South-eastern Asia","Attapu"
555,"LKA","LK","Asia","Southern Asia","North Western Province"
556,"LKA","LK","Asia","Southern Asia","Sabaragamuwa Province"
557,"LKA","LK","Asia","Southern Asia","Uva Province"
558,"LKA","LK","Asia","Southern Asia","Western Province"
559,"KHM","KH","Asia","South-eastern Asia","Preah Sihanouk"
560,"PHL","PH","Asia","South-eastern Asia","Davao del Sur"
561,"IRN","IR","Asia","Southern Asia","Bushehr"
562,"IRN","IR","Asia","Southern Asia","Fars"
563,"IRN","IR","Asia","Southern Asia","Kerman"
564,"IRN","IR","Asia","Southern Asia","Khuzestan"
565,"AFG","AF","Asia","Southern Asia","Kabul"
566,"PHL","PH","Asia","South-eastern Asia","South Cotabato"
567,"TWN","TW","Asia","Eastern Asia","Hualien"
568,"PHL","PH","Asia","South-eastern Asia","Surigao del Norte"
569,"CHN","CN","Asia","Eastern Asia","Beijing"
570,"CHN","CN","Asia","Eastern Asia","Hebei"
571,"CHN","CN","Asia","Eastern Asia","Heilongjiang"
572,"CHN","CN","Asia","Eastern Asia","Ningxia Huizu"
573,"CHN","CN","Asia","Eastern Asia","Shandong"
574,"CHN","CN","Asia","Eastern Asia","Tianjin"
575,"JPN","JP","Asia","Eastern Asia","Nagano"
576,"AFG","AF","Asia","Southern Asia","Bamyan"
577,"IRN","IR","Asia","Southern Asia","Esfahan"
578,"IRN","IR","Asia","Southern Asia","Hormozgan"
579,"IRN","IR","Asia","Southern Asia","Yazd"
580,"MYS","MY","Asia","South-eastern Asia","Selangor"
581,"IRN","IR","Asia","Southern Asia","Kermanshah"
582,"GEO","GE","Asia","Western Asia","Tbilisi"
583,"THA","TH","Asia","South-eastern Asia","Tak"
584,"IND","IN","Asia","Southern Asia","Haryana"
585,"IDN","ID","Asia","South-eastern Asia","Sulawesi Tenggara"
586,"IND","IN","Asia","Southern Asia","Manipur"
587,"IND","IN","Asia","Southern Asia","Meghalaya"
588,"TJK","TJ","Asia","Central Asia","Dushanbe"
589,"IRN","IR","Asia","Southern Asia","Zanjan"
590,"CHN","CN","Asia","Eastern Asia","Henan"
591,"VNM","VN","Asia","South-eastern Asia","Bac Kan"
592,"VNM","VN","Asia","South-eastern Asia","Ha Giang"
593,"VNM","VN","Asia","South-eastern Asia","Lam Dong"
594,"VNM","VN","Asia","South-eastern Asia","Son La"
595,"PHL","PH","Asia","South-eastern Asia","Bulacan"
596,"PHL","PH","Asia","South-eastern Asia","Negros Oriental"
597,"PHL","PH","Asia","South-eastern Asia","Pampanga"
598,"PHL","PH","Asia","South-eastern Asia","Pangasinan"
599,"MMR","MM","Asia","South-eastern Asia","Chin"
600,"MMR","MM","Asia","South-eastern Asia","Kachin"
601,"MMR","MM","Asia","South-eastern Asia","Kayin"
602,"MMR","MM","Asia","South-eastern Asia","Mandalay"
603,"MMR","MM","Asia","South-eastern Asia","Mon"
604,"MMR","MM","Asia","South-eastern Asia","Shan"
605,"MMR","MM","Asia","South-eastern Asia","Yangon"
606,"THA","TH","Asia","South-eastern Asia","Mae Hong Son"
607,"LAO","LA","Asia","South-eastern Asia","Louangphabang"
608,"LAO","LA","Asia","South-eastern Asia","Oudomxai"
609,"THA","TH","Asia","South-eastern Asia","Chaiyaphum"
610,"THA","TH","Asia","South-eastern Asia","Khon Kaen"
611,"THA","TH","Asia","South-eastern Asia","Nakhon Sawan"
612,"THA","TH","Asia","South-eastern Asia","Phichit"
613,"THA","TH","Asia","South-eastern Asia","Phitsanulok"
614,"THA","TH","Asia","South-eastern Asia","Uthai Thani"
615,"IDN","ID","Asia","South-eastern Asia","Papua"
616,"IDN","ID","Asia","South-eastern Asia","Papua Barat"
617,"LBN","LB","Asia","Western Asia","Nabatiye"
618,"IND","IN","Asia","Southern Asia","Jammu and Kashmir"
619,"THA","TH","Asia","South-eastern Asia","Nakhon Ratchasima"
620,"PHL","PH","Asia","South-eastern Asia","Ilocos Norte"
621,"PHL","PH","Asia","South-eastern Asia","Ilocos Sur"
622,"PHL","PH","Asia","South-eastern Asia","La Union"
623,"IND","IN","Asia","Southern Asia","Karnataka"
624,"IND","IN","Asia","Southern Asia","Nagaland"
625,"IDN","ID","Asia","South-eastern Asia","Sulawesi Barat"
626,"PAK","PK","Asia","Southern Asia","Azad Jammu and Kashmir"
627,"AFG","AF","Asia","Southern Asia","Daykundi"
628,"AFG","AF","Asia","Southern Asia","Helmand"
629,"AZE","AZ","Asia","Western Asia","Sabirabad"
630,"AZE","AZ","Asia","Western Asia","Salyan"
631,"AZE","AZ","Asia","Western Asia","Zardab"
632,"JPN","JP","Asia","Eastern Asia","Akita"
633,"JPN","JP","Asia","Eastern Asia","Aomori"
634,"JPN","JP","Asia","Eastern Asia","Iwate"
635,"JPN","JP","Asia","Eastern Asia","Miyagi"
636,"JPN","JP","Asia","Eastern Asia","Yamagata"
637,"PHL","PH","Asia","South-eastern Asia","Bataan"
638,"PHL","PH","Asia","South-eastern Asia","Batangas"
639,"PHL","PH","Asia","South-eastern Asia","Benguet"
640,"PHL","PH","Asia","South-eastern Asia","Mindoro Occidental"
641,"PHL","PH","Asia","South-eastern Asia","Romblon"
642,"PHL","PH","Asia","South-eastern Asia","Zambales"
643,"PHL","PH","Asia","South-eastern Asia","Biliran"
644,"PHL","PH","Asia","South-eastern Asia","Camarines Sur"
645,"TLS","TL","Asia","South-eastern Asia","Ainaro"
646,"TLS","TL","Asia","South-eastern Asia","Baucau"
647,"YEM","YE","Asia","Western Asia","Hajjah"
648,"NPL","NP","Asia","Southern Asia","Karnali"
649,"HKG","HK","Asia","Eastern Asia","Hong Kong"
650,"PHL","PH","Asia","South-eastern Asia","Isabela"
651,"IDN","ID","Asia","South-eastern Asia","Maluku"
652,"IDN","ID","Asia","South-eastern Asia","Maluku Utara"
653,"VNM","VN","Asia","South-eastern Asia","Bac Giang"
654,"VNM","VN","Asia","South-eastern Asia","Bac Ninh"
655,"VNM","VN","Asia","South-eastern Asia","Cao Bang"
656,"VNM","VN","Asia","South-eastern Asia","Dien Bien"
657,"VNM","VN","Asia","South-eastern Asia","Ha Nam"
658,"VNM","VN","Asia","South-eastern Asia","Ha Noi"
659,"VNM","VN","Asia","South-eastern Asia","Hai Duong"
660,"VNM","VN","Asia","South-eastern Asia","Hai Phong"
661,"VNM","VN","Asia","South-eastern Asia","Hoa Binh"
662,"VNM","VN","Asia","South-eastern Asia","Hung Yen"
663,"VNM","VN","Asia","South-eastern Asia","Lang Son"
664,"VNM","VN","Asia","South-eastern Asia","Ninh Binh"
665,"VNM","VN","Asia","South-eastern Asia","Thai Binh"
666,"VNM","VN","Asia","South-eastern Asia","Yen Bai"
667,"VNM","VN","Asia","South-eastern Asia","Dak Lak"
668,"THA","TH","Asia","South-eastern Asia","Kanchanaburi"
669,"THA","TH","Asia","South-eastern Asia","Phetchaburi"
670,"THA","TH","Asia","South-eastern Asia","Ratchaburi"
671,"PHL","PH","Asia","South-eastern Asia","Bohol"
672,"PHL","PH","Asia","South-eastern Asia","Southern Leyte"
673,"TLS","TL","Asia","South-eastern Asia","Bobonaro"
674,"MYS","MY","Asia","South-eastern Asia","Perak"
675,"THA","TH","Asia","South-eastern Asia","Phangnga"
676,"THA","TH","Asia","South-eastern Asia","Phuket"
677,"IRN","IR","Asia","Southern Asia","Tehran"
678,"MMR","MM","Asia","South-eastern Asia","Rakhine"
679,"THA","TH","Asia","South-eastern Asia","Phayao"
680,"BTN","BT","Asia","Southern Asia","Lhuentse"
681,"BTN","BT","Asia","Southern Asia","Monggar"
682,"BTN","BT","Asia","Southern Asia","Thimphu"
683,"BTN","BT","Asia","Southern Asia","Trashigang"
684,"TWN","TW","Asia","Eastern Asia","Taichung"
685,"JPN","JP","Asia","Eastern Asia","Niigata"
686,"JPN","JP","Asia","Eastern Asia","Tokyo"
687,"JPN","JP","Asia","Eastern Asia","Kagawa"
688,"PHL","PH","Asia","South-eastern Asia","Ifugao"
689,"PHL","PH","Asia","South-eastern Asia","Nueva Ecija"
690,"PHL","PH","Asia","South-eastern Asia","Tarlac"
691,"TWN","TW","Asia","Eastern Asia","Hsinchu"
692,"THA","TH","Asia","South-eastern Asia","Nakhon Nayok"
693,"JPN","JP","Asia","Eastern Asia","Toyama"
694,"THA","TH","Asia","South-eastern Asia","Krabi"
695,"PHL","PH","Asia","South-eastern Asia","Aurora"
696,"IND","IN","Asia","Southern Asia","Puducherry"
697,"MDV","MV","Asia","Southern Asia","Male"
698,"TLS","TL","Asia","South-eastern Asia","Dili"
699,"TLS","TL","Asia","South-eastern Asia","Liquica"
700,"IRN","IR","Asia","Southern Asia","Lorestan"
701,"UZB","UZ","Asia","Central Asia","Navoiy"
702,"CHN","CN","Asia","Eastern Asia","Xizang"
703,"AFG","AF","Asia","Southern Asia","Logar"
704,"AFG","AF","Asia","Southern Asia","Nangarhar"
705,"AFG","AF","Asia","Southern Asia","Jowzjan"
706,"KGZ","KG","Asia","Central Asia","Batken"
707,"KGZ","KG","Asia","Central Asia","Jalal-Abad"
708,"AFG","AF","Asia","Southern Asia","Laghman"
709,"IDN","ID","Asia","South-eastern Asia","Lampung"
710,"TWN","TW","Asia","Eastern Asia","Tainan"
711,"IDN","ID","Asia","South-eastern Asia","Kalimantan Selatan"
712,"IDN","ID","Asia","South-eastern Asia","Kalimantan Tengah"
713,"VNM","VN","Asia","South-eastern Asia","Gia Lai"
714,"PHL","PH","Asia","South-eastern Asia","Aklan"
715,"PHL","PH","Asia","South-eastern Asia","Camarines Norte"
716,"PHL","PH","Asia","South-eastern Asia","Masbate"
717,"PHL","PH","Asia","South-eastern Asia","Palawan"
718,"MYS","MY","Asia","South-eastern Asia","Perlis"
719,"THA","TH","Asia","South-eastern Asia","Samut Sakhon"
720,"YEM","YE","Asia","Western Asia","Al Jawf"
721,"YEM","YE","Asia","Western Asia","Al Mahwit"
722,"THA","TH","Asia","South-eastern Asia","Ang Thong"
723,"THA","TH","Asia","South-eastern Asia","Chachoengsao"
724,"THA","TH","Asia","South-eastern Asia","Chanthaburi"
725,"THA","TH","Asia","South-eastern Asia","Mukdahan"
726,"THA","TH","Asia","South-eastern Asia","Nakhon Pathom"
727,"THA","TH","Asia","South-eastern Asia","Nonthaburi"
728,"THA","TH","Asia","South-eastern Asia","Pathum Thani"
729,"THA","TH","Asia","South-eastern Asia","Rayong"
730,"THA","TH","Asia","South-eastern Asia","Sa Kaeo"
731,"THA","TH","Asia","South-eastern Asia","Saraburi"
732,"PHL","PH","Asia","South-eastern Asia","Abra"
733,"IRQ","IQ","Asia","Western Asia","Diyala"
734,"IRQ","IQ","Asia","Western Asia","Kirkuk"
735,"YEM","YE","Asia","Western Asia","Dhamar"
736,"TLS","TL","Asia","South-eastern Asia","Aileu"
737,"TLS","TL","Asia","South-eastern Asia","Oecussi"
738,"TWN","TW","Asia","Eastern Asia","Changhua"
739,"JPN","JP","Asia","Eastern Asia","Kagoshima"
740,"PHL","PH","Asia","South-eastern Asia","Quirino"
741,"PHL","PH","Asia","South-eastern Asia","Lanao del Norte"
742,"VNM","VN","Asia","South-eastern Asia","Dak Nong"
743,"VNM","VN","Asia","South-eastern Asia","Dong Nai"
744,"IDN","ID","Asia","South-eastern Asia","Kalimantan Barat"
745,"TUR","TR","Asia","Western Asia","Mersin"
746,"PHL","PH","Asia","South-eastern Asia","Marinduque"
747,"MYS","MY","Asia","South-eastern Asia","Melaka"
748,"MYS","MY","Asia","South-eastern Asia","Negeri Sembilan"
749,"KGZ","KG","Asia","Central Asia","Naryn"
750,"PHL","PH","Asia","South-eastern Asia","Northern Samar"
751,"VNM","VN","Asia","South-eastern Asia","Bac Lieu"
752,"VNM","VN","Asia","South-eastern Asia","Binh Duong"
753,"VNM","VN","Asia","South-eastern Asia","Binh Phuoc"
754,"VNM","VN","Asia","South-eastern Asia","Hau Giang"
755,"VNM","VN","Asia","South-eastern Asia","Kon Tum"
756,"VNM","VN","Asia","South-eastern Asia","Tay Ninh"
757,"JPN","JP","Asia","Eastern Asia","Gunma"
758,"JPN","JP","Asia","Eastern Asia","Saitama"
759,"YEM","YE","Asia","Western Asia","Ibb"
760,"IDN","ID","Asia","South-eastern Asia","Kalimantan Timur"
761,"JPN","JP","Asia","Eastern Asia","Nara"
762,"JPN","JP","Asia","Eastern Asia","Wakayama"
763,"TWN","TW","Asia","Eastern Asia","Yunlin"
764,"TLS","TL","Asia","South-eastern Asia","Ermera"
765,"IRQ","IQ","Asia","Western Asia","Baghdad"
766,"IRQ","IQ","Asia","Western Asia","Dahuk"
767,"TWN","TW","Asia","Eastern Asia","Yilan"
768,"PHL","PH","Asia","South-eastern Asia","Antique"
769,"PHL","PH","Asia","South-eastern Asia","Sulu"
770,"IRN","IR","Asia","Southern Asia","Kordestan"
771,"PHL","PH","Asia","South-eastern Asia","Capiz"
772,"PHL","PH","Asia","South-eastern Asia","Eastern Samar"
773,"KAZ","KZ","Asia","Central Asia","Shymkent"
774,"MMR","MM","Asia","South-eastern Asia","Bago"
775,"IRQ","IQ","Asia","Western Asia","Babil"
776,"IRQ","IQ","Asia","Western Asia","Wasit"
777,"LAO","LA","Asia","South-eastern Asia","Bokeo"
778,"BTN","BT","Asia","Southern Asia","Dagana"
779,"BTN","BT","Asia","Southern Asia","Gasa"
780,"BTN","BT","Asia","Southern Asia","Paro"
781,"BTN","BT","Asia","Southern Asia","Punakha"
782,"BTN","BT","Asia","Southern Asia","Samtse"
783,"BTN","BT","Asia","Southern Asia","Tsirang"
784,"PHL","PH","Asia","South-eastern Asia","Bukidnon"
785,"PHL","PH","Asia","South-eastern Asia","Lanao del Sur"
786,"PHL","PH","Asia","South-eastern Asia","Sarangani"
787,"LAO","LA","Asia","South-eastern Asia","Xekong"
788,"PSE","PS","Asia","Western Asia","Khan Yunis"
789,"OMN","OM","Asia","Western Asia","Al Wusta"
790,"OMN","OM","Asia","Western Asia","Musandam"
791,"SAU","SA","Asia","Western Asia","Najran"
792,"PAK","PK","Asia","Southern Asia","Gilgit-Baltistan"
793,"PRK","KP","Asia","Eastern Asia","P'yongyang"
794,"PHL","PH","Asia","South-eastern Asia","Mountain Province"
795,"KHM","KH","Asia","South-eastern Asia","Pailin"
796,"MMR","MM","Asia","South-eastern Asia","Magway"
797,"LAO","LA","Asia","South-eastern Asia","Xiangkhouang"
798,"PHL","PH","Asia","South-eastern Asia","Siquijor"
799,"IND","IN","Asia","Southern Asia","Sikkim"
800,"MMR","MM","Asia","South-eastern Asia","Sagaing"
801,"PSE","PS","Asia","Western Asia","Gaza"
802,"PSE","PS","Asia","Western Asia","Hebron"
803,"PSE","PS","Asia","Western Asia","Jenin"
804,"PSE","PS","Asia","Western Asia","Jerusalem"
805,"PSE","PS","Asia","Western Asia","Ramallah"
806,"PSE","PS","Asia","Western Asia","Salfit"
807,"SAU","SA","Asia","Western Asia","Tabuk"
808,"THA","TH","Asia","South-eastern Asia","Chon Buri"
809,"THA","TH","Asia","South-eastern Asia","Kamphaeng Phet"
810,"THA","TH","Asia","South-eastern Asia","Prachuap Khiri Khan"
811,"THA","TH","Asia","South-eastern Asia","Si Sa Ket"
812,"THA","TH","Asia","South-eastern Asia","Suphan Buri"
813,"THA","TH","Asia","South-eastern Asia","Trat"
814,"PSE","PS","Asia","Western Asia","Tubas"
815,"JPN","JP","Asia","Eastern Asia","Hyogo"
816,"GEO","GE","Asia","Western Asia","Guria"
817,"YEM","YE","Asia","Western Asia","Shabwah"
818,"PHL","PH","Asia","South-eastern Asia","Guimaras"
819,"PSE","PS","Asia","Western Asia","Bethlehem"
820,"PSE","PS","Asia","Western Asia","Rafah"
821,"PSE","PS","Asia","Western Asia","Tulkarm"
822,"ARM","AM","Asia","Western Asia","Erevan"
823,"IRN","IR","Asia","Southern Asia","Ilam"
824,"IND","IN","Asia","Southern Asia","Odisha"
825,"THA","TH","Asia","South-eastern Asia","Phra Nakhon Si Ayutthaya"
826,"PHL","PH","Asia","South-eastern Asia","Basilan"
827,"MMR","MM","Asia","South-eastern Asia","Ayeyarwady"
828,"JPN","JP","Asia","Eastern Asia","Chiba"
829,"IND","IN","Asia","Southern Asia","Telangana"
830,"THA","TH","Asia","South-eastern Asia","Chai Nat"
831,"TWN","TW","Asia","Eastern Asia","Kinmen"
832,"TWN","TW","Asia","Eastern Asia","Taoyuan"
833,"PAK","PK","Asia","Southern Asia","Khyber Pakhtunkhwa"
834,"JPN","JP","Asia","Eastern Asia","Fukuoka"
835,"TJK","TJ","Asia","Central Asia","Sughd"
836,"PHL","PH","Asia","South-eastern Asia","Batanes"
837,"MNG","MN","Asia","Eastern Asia","Hovd"
838,"MNG","MN","Asia","Eastern Asia","Tov"
839,"JPN","JP","Asia","Eastern Asia","Shizuoka"
840,"JPN","JP","Asia","Eastern Asia","Yamanashi"
841,"IND","IN","Asia","Southern Asia","Mizoram"
842,"TWN","TW","Asia","Eastern Asia","New Taipei"
843,"IDN","ID","Asia","South-eastern Asia","Kalimantan Utara"
844,"JPN","JP","Asia","Eastern Asia","Hiroshima"
845,"JPN","JP","Asia","Eastern Asia","Shimane"
846,"THA","TH","Asia","South-eastern Asia","Lop Buri"
847,"KOR","KR","Asia","Eastern Asia","Gyeongsangbuk-do"
848,"THA","TH","Asia","South-eastern Asia","Nong Bua Lam Phu"
849,"THA","TH","Asia","South-eastern Asia","Sing Buri"
850,"JPN","JP","Asia","Eastern Asia","Kochi"
851,"JPN","JP","Asia","Eastern Asia","Kyoto"
852,"IND","IN","Asia","Southern Asia","Lakshadweep"
853,"IRN","IR","Asia","Southern Asia","Alborz"
854,"JPN","JP","Asia","Eastern Asia","Tokushima"
855,"MMR","MM","Asia","South-eastern Asia","Nay Pyi Taw"
856,"MMR","MM","Asia","South-eastern Asia","Tanintharyi"
857,"IRN","IR","Asia","Southern Asia","Hamadan"
858,"IRN","IR","Asia","Southern Asia","Markazi"
859,"IRN","IR","Asia","Southern Asia","Qom"
860,"BGD","BD","Asia","Southern Asia","Barishal"
861,"JPN","JP","Asia","Eastern Asia","Ishikawa"
862,"BGD","BD","Asia","Southern Asia","Chattogram"
863,"JPN","JP","Asia","Eastern Asia","Yamaguchi"
864,"JPN","JP","Asia","Eastern Asia","Fukushima"
865,"JPN","JP","Asia","Eastern Asia","Tochigi"
866,"IRN","IR","Asia","Southern Asia","Qazvin"
867,"YEM","YE","Asia","Western Asia","Hadramawt"
868,"SAU","SA","Asia","Western Asia","Al Bahah"
869,"AFG","AF","Asia","Southern Asia","Paktiya"
870,"THA","TH","Asia","South-eastern Asia","Prachin Buri"
871,"SYR","SY","Asia","Western Asia","Idlib"
872,"BTN","BT","Asia","Southern Asia","Samdrup Jongkhar"
873,"UZB","UZ","Asia","Central Asia","Namangan"
874,"THA","TH","Asia","South-eastern Asia","Samut Prakan"
875,"PHL","PH","Asia","South-eastern Asia","Dinagat Islands"
876,"PHL","PH","Asia","South-eastern Asia","Davao de Oro"
877,"UZB","UZ","Asia","Central Asia","Samarqand"
878,"JPN","JP","Asia","Eastern Asia","Aichi"
879,"JPN","JP","Asia","Eastern Asia","Fukui"
880,"NPL","NP","Asia","Southern Asia","Sudurpashchim"
881,"TWN","TW","Asia","Eastern Asia","Taitung"
882,"MNG","MN","Asia","Eastern Asia","Bayanhongor"
883,"TUR","TR","Asia","Western Asia","Kahramanmaras"
884,"GEO","GE","Asia","Western Asia","Samegrelo-Zemo Svaneti"
885,"IRQ","IQ","Asia","Western Asia","Maysan"
886,"THA","TH","Asia","South-eastern Asia","Bueng Kan"
887,"YEM","YE","Asia","Western Asia","Ma'rib"
888,"MMR","MM","Asia","South-eastern Asia","Kayah"
